Market Cap,Change,Market Cap Numeric,PE ratio,Percent Change,Price
709.361B,-1.38,709361000000,,-0.427721299,321.26
483.304B,-0.25,483304000000,30.81,-0.108220423,230.76
392.325B,-2.16,392325000000,9.9,-1.587651599,133.89
359.338B,-3.18,359338000000,37.85,-0.829442604,380.21
326.427B,-0.08,326427000000,1.82,-0.324543611,24.57
328.207B,-0.09,328207000000,1.86,-0.358422939,25.02
244.596B,-0.04,244596000000,6.94,-0.163800164,24.38
0,0.79,0,325.77,0.069057755,1144.76
270.35B,-0.03,270350000000,5.7,-0.149625935,20.02
269.812B,0.05,269812000000,5.66,0.251889169,19.9
215.526B,-0.33,215526000000,8.1,-1.204819277,27.06
248.946B,0.05,248946000000,5.75,0.248138958,20.2
239.34B,0.12,239340000000,5.73,0.599101348,20.15
240.083B,-0.01,240083000000,5.91,-0.048146365,20.76
245.183B,-0.04,245183000000,6.98,-0.162800163,24.53
201.039B,1.45,201039000000,5.18,6.154499151,25.01
186.022B,0.51,186022000000,5.22,2.062272543,25.24
182.577B,0.01,182577000000,4.63,0.044742729,22.36
178.136B,1.77,178136000000,235.88,0.155536028,1139.77
143.582B,0.09,143582000000,2.97,0.357142857,25.29
151.092B,0.02,151092000000,6.79,0.053404539,37.47
139.17B,-0.35,139170000000,14.3,-0.423574973,82.28
141.079B,-0.97,141079000000,10.86,-2.531315240,37.35
133.217B,-0.54,133217000000,12.2,-0.561213885,95.68
126.149B,0.65,126149000000,26.17,0.968270520,67.78
483.44B,-0.18,483440000000,30.82,-0.077922078,230.82
392.56B,-2.14,392560000000,9.9,-1.572951121,133.91
359.499B,-3.18,359499000000,37.87,-0.829442604,380.21
326.427B,-0.08,326427000000,1.82,-0.324543611,24.57
328.076B,-0.1,328076000000,1.86,-0.398247710,25.01
244.596B,-0.04,244596000000,6.94,-0.163800164,24.38
0,0.79,0,325.77,0.069057755,1144.76
270.35B,-0.03,270350000000,5.7,-0.149625935,20.02
269.812B,0.05,269812000000,5.66,0.251889169,19.9
215.605B,-0.33,215605000000,8.1,-1.204819277,27.06
248.946B,0.05,248946000000,5.75,0.248138958,20.2
239.34B,0.12,239340000000,5.73,0.599101348,20.15
240.083B,-0.01,240083000000,5.91,-0.048146365,20.76
245.183B,-0.04,245183000000,6.98,-0.162800163,24.53
201.039B,1.45,201039000000,5.18,6.154499151,25.01
186.022B,0.51,186022000000,5.22,2.062272543,25.24
182.822B,0.04,182822000000,4.63,0.178970917,22.39
178.136B,1.77,178136000000,235.88,0.155536028,1139.77
143.582B,0.09,143582000000,2.97,0.357142857,25.29
151.092B,0.02,151092000000,6.79,0.053404539,37.47
139.221B,-0.33,139221000000,14.31,-0.399370689,82.3
141.116B,-0.97,141116000000,10.86,-2.529994784,37.37
133.217B,-0.54,133217000000,12.2,-0.561213885,95.68
126.149B,0.65,126149000000,26.17,0.968270520,67.78
123.026B,0.09,123026000000,3.57,0.524475524,17.25
392.53B,-2.15,392530000000,9.9,-1.580301360,133.9
359.499B,-3.18,359499000000,37.87,-0.829442604,380.21
326.427B,-0.08,326427000000,1.82,-0.324543611,24.57
328.076B,-0.1,328076000000,1.86,-0.398247710,25.01
244.596B,-0.04,244596000000,6.94,-0.163800164,24.38
0,0.79,0,325.77,0.069057755,1144.76
270.35B,-0.03,270350000000,5.7,-0.149625935,20.02
269.812B,0.05,269812000000,5.66,0.251889169,19.9
215.644B,-0.33,215644000000,8.1,-1.204819277,27.06
248.946B,0.05,248946000000,5.75,0.248138958,20.2
239.34B,0.12,239340000000,5.73,0.599101348,20.15
240.083B,-0.01,240083000000,5.91,-0.048146365,20.76
245.183B,-0.04,245183000000,6.98,-0.162800163,24.53
201.039B,1.45,201039000000,5.18,6.154499151,25.01
186.022B,0.51,186022000000,5.22,2.062272543,25.24
182.822B,0.04,182822000000,4.63,0.178970917,22.39
178.136B,1.77,178136000000,235.88,0.155536028,1139.77
143.582B,0.09,143582000000,2.97,0.357142857,25.29
151.092B,0.02,151092000000,6.79,0.053404539,37.47
139.229B,-0.35,139229000000,14.31,-0.423574973,82.28
141.154B,-0.98,141154000000,10.86,-2.556744065,37.35
133.442B,-0.38,133442000000,12.22,-0.394928289,95.84
126.149B,0.66,126149000000,26.17,0.983166989,67.79
123.026B,0.09,123026000000,3.57,0.524475524,17.25
106.714B,-1.74,106714000000,11.43,-0.542529309,318.98
359.463B,-3.03,359463000000,37.87,-0.790317953,380.36
326.693B,-0.06,326693000000,1.82,-0.243407708,24.59
328.207B,-0.09,328207000000,1.86,-0.358422939,25.02
244.596B,-0.04,244596000000,6.94,-0.163800164,24.38
0,0.79,0,325.77,0.069057755,1144.76
270.35B,-0.03,270350000000,5.7,-0.149625935,20.02
269.812B,0.05,269812000000,5.66,0.251889169,19.9
215.609B,-0.31,215609000000,8.1,-1.131799927,27.08
248.946B,0.05,248946000000,5.75,0.248138958,20.2
239.34B,0.12,239340000000,5.73,0.599101348,20.15
240.083B,-0.01,240083000000,5.91,-0.048146365,20.76
245.183B,-0.04,245183000000,6.98,-0.162800163,24.53
201.039B,1.45,201039000000,5.18,6.154499151,25.01
186.022B,0.51,186022000000,5.22,2.062272543,25.24
182.822B,0.04,182822000000,4.63,0.178970917,22.39
178.136B,1.77,178136000000,235.88,0.155536028,1139.77
143.582B,0.09,143582000000,2.97,0.357142857,25.29
151.092B,0.05,151092000000,6.79,0.133511348,37.5
139.221B,-0.33,139221000000,14.31,-0.399370689,82.3
141.116B,-0.93,141116000000,10.86,-2.426297939,37.4
133.442B,-0.38,133442000000,12.22,-0.394928289,95.84
126.158B,0.67,126158000000,26.17,0.998063459,67.8
123.026B,0.09,123026000000,3.57,0.524475524,17.25
106.774B,-1.73,106774000000,11.43,-0.539411325,318.99
114.939B,-2,114939000000,43.75,-0.555108385,358.29
326.693B,-0.06,326693000000,1.82,-0.243407708,24.59
328.207B,-0.09,328207000000,1.86,-0.358422939,25.02
244.596B,-0.04,244596000000,6.94,-0.163800164,24.38
0,0.79,0,325.77,0.069057755,1144.76
270.35B,-0.03,270350000000,5.7,-0.149625935,20.02
269.812B,0.05,269812000000,5.66,0.251889169,19.9
215.799B,-0.31,215799000000,8.11,-1.131799927,27.08
248.946B,0.05,248946000000,5.75,0.248138958,20.2
239.34B,0.12,239340000000,5.73,0.599101348,20.15
240.083B,-0.01,240083000000,5.91,-0.048146365,20.76
245.183B,-0.04,245183000000,6.98,-0.162800163,24.53
201.039B,1.45,201039000000,5.18,6.154499151,25.01
186.022B,0.51,186022000000,5.22,2.062272543,25.24
182.822B,0.04,182822000000,4.63,0.178970917,22.39
178.136B,1.77,178136000000,235.88,0.155536028,1139.77
143.582B,0.09,143582000000,2.97,0.357142857,25.29
151.193B,0.06,151193000000,6.79,0.160213618,37.51
139.263B,-0.31,139263000000,14.31,-0.375166404,82.32
141.286B,-0.91,141286000000,10.87,-2.374119489,37.42
133.442B,-0.35,133442000000,12.22,-0.363749740,95.87
126.186B,0.67,126186000000,26.18,0.998063459,67.8
123.026B,0.09,123026000000,3.57,0.524475524,17.25
106.777B,-1.6,106777000000,11.43,-0.498877526,319.12
114.939B,-2.08,114939000000,43.75,-0.577312720,358.21
88.976B,-0.63,88976000000,6.28,-1.368672605,45.4
327.945B,-0.11,327945000000,1.85,-0.438072481,25
244.596B,-0.04,244596000000,6.94,-0.163800164,24.38
0,0.79,0,325.77,0.069057755,1144.76
270.35B,-0.03,270350000000,5.7,-0.149625935,20.02
269.812B,0.05,269812000000,5.66,0.251889169,19.9
215.844B,-0.31,215844000000,8.11,-1.131799927,27.08
248.946B,0.05,248946000000,5.75,0.248138958,20.2
239.34B,0.12,239340000000,5.73,0.599101348,20.15
240.083B,-0.01,240083000000,5.91,-0.048146365,20.76
245.183B,-0.04,245183000000,6.98,-0.162800163,24.53
201.039B,1.45,201039000000,5.18,6.154499151,25.01
186.022B,0.51,186022000000,5.22,2.062272543,25.24
182.822B,0.04,182822000000,4.63,0.178970917,22.39
178.136B,1.77,178136000000,235.88,0.155536028,1139.77
143.582B,0.09,143582000000,2.97,0.357142857,25.29
151.233B,0.06,151233000000,6.8,0.160213618,37.51
139.289B,-0.32,139289000000,14.32,-0.387268547,82.31
141.362B,-0.91,141362000000,10.88,-2.374119489,37.42
133.484B,-0.35,133484000000,12.23,-0.363749740,95.87
126.186B,0.67,126186000000,26.18,0.998063459,67.8
123.026B,0.09,123026000000,3.57,0.524475524,17.25
106.821B,-1.6,106821000000,11.44,-0.498877526,319.12
114.923B,-2.17,114923000000,43.74,-0.602292598,358.12
89.006B,-0.63,89006000000,6.28,-1.368672605,45.4
110.512B,-0.02,110512000000,15.63,-0.013514427,147.97
244.596B,-0.04,244596000000,6.94,-0.163800164,24.38
0,0.79,0,325.77,0.069057755,1144.76
270.35B,-0.03,270350000000,5.7,-0.149625935,20.02
269.812B,0.05,269812000000,5.66,0.251889169,19.9
215.779B,-0.31,215779000000,8.11,-1.131799927,27.08
248.946B,0.05,248946000000,5.75,0.248138958,20.2
239.34B,0.12,239340000000,5.73,0.599101348,20.15
240.083B,-0.01,240083000000,5.91,-0.048146365,20.76
245.183B,-0.04,245183000000,6.98,-0.162800163,24.53
201.039B,1.45,201039000000,5.18,6.154499151,25.01
186.047B,0.51,186047000000,5.22,2.062272543,25.24
182.822B,0.04,182822000000,4.63,0.178970917,22.39
178.136B,1.77,178136000000,235.88,0.155536028,1139.77
143.582B,0.09,143582000000,2.97,0.357142857,25.29
151.233B,0.06,151233000000,6.8,0.160213618,37.51
139.28B,-0.33,139280000000,14.31,-0.399370689,82.3
141.362B,-0.92,141362000000,10.88,-2.399582681,37.42
133.484B,-0.35,133484000000,12.23,-0.363749740,95.87
126.186B,0.67,126186000000,26.18,0.998063459,67.8
123.026B,0.09,123026000000,3.57,0.524475524,17.25
106.821B,-1.6,106821000000,11.44,-0.498877526,319.12
114.885B,-2.17,114885000000,43.73,-0.602292598,358.12
89.025B,-0.63,89025000000,6.28,-1.368672605,45.4
110.49B,-0.02,110490000000,15.63,-0.013514427,147.97
111.861B,-0.27,111861000000,9.89,-0.443422565,60.62
0,0.79,0,325.77,0.069057755,1144.76
270.35B,-0.03,270350000000,5.7,-0.149625935,20.02
269.812B,0.05,269812000000,5.66,0.251889169,19.9
215.758B,-0.31,215758000000,8.11,-1.131799927,27.08
248.946B,0.05,248946000000,5.75,0.248138958,20.2
239.34B,0.12,239340000000,5.73,0.599101348,20.15
240.083B,-0.01,240083000000,5.91,-0.048146365,20.76
245.183B,-0.04,245183000000,6.98,-0.162800163,24.53
201.039B,1.45,201039000000,5.18,6.154499151,25.01
186.047B,0.51,186047000000,5.22,2.062272543,25.24
182.822B,0.03,182822000000,4.63,0.134228188,22.38
178.136B,1.77,178136000000,235.88,0.155536028,1139.77
143.582B,0.09,143582000000,2.97,0.357142857,25.29
151.233B,0.06,151233000000,6.8,0.160213618,37.51
139.263B,-0.33,139263000000,14.31,-0.399370689,82.3
141.343B,-0.93,141343000000,10.88,-2.426297939,37.4
133.484B,-0.35,133484000000,12.23,-0.363749740,95.87
126.186B,0.67,126186000000,26.18,0.998063459,67.8
123.026B,0.03,123026000000,3.57,0.174825175,17.19
106.821B,-1.69,106821000000,11.44,-0.526939386,319.03
114.856B,-2.26,114856000000,43.72,-0.627272475,358.03
89.016B,-0.65,89016000000,6.28,-1.412122529,45.38
110.445B,-0.12,110445000000,15.62,-0.081081081,147.88
111.861B,-0.27,111861000000,9.89,-0.443422565,60.62
98.916B,-0.26,98916000000,101.24,-0.312237300,83.01
270.35B,-0.03,270350000000,5.7,-0.149625935,20.02
269.812B,0.05,269812000000,5.66,0.251889169,19.9
215.725B,-0.32,215725000000,8.1,-1.168309602,27.07
248.946B,0.05,248946000000,5.75,0.248138958,20.2
239.34B,0.12,239340000000,5.73,0.599101348,20.15
240.083B,-0.01,240083000000,5.91,-0.048146365,20.76
245.281B,-0.03,245281000000,6.98,-0.122100122,24.54
201.039B,1.45,201039000000,5.18,6.154499151,25.01
186.047B,0.51,186047000000,5.22,2.062272543,25.24
182.822B,0.04,182822000000,4.63,0.178970917,22.39
178.136B,1.77,178136000000,235.88,0.155536028,1139.77
143.582B,0.09,143582000000,2.97,0.357142857,25.29
151.233B,0.06,151233000000,6.8,0.160213618,37.51
139.229B,-0.36,139229000000,14.31,-0.435677115,82.27
141.305B,-0.93,141305000000,10.87,-2.426297939,37.4
133.484B,-0.35,133484000000,12.23,-0.363749740,95.87
126.186B,0.67,126186000000,26.18,0.998063459,67.8
122.598B,0.03,122598000000,3.56,0.174825175,17.19
106.791B,-1.69,106791000000,11.43,-0.526939386,319.03
114.856B,-2.26,114856000000,43.72,-0.627272475,358.03
88.996B,-0.65,88996000000,6.28,-1.412122529,45.38
110.419B,-0.12,110419000000,15.62,-0.081081081,147.88
111.861B,-0.27,111861000000,9.89,-0.443422565,60.62
98.91B,-0.3,98910000000,101.24,-0.360230548,82.98
98.457B,8.49,98457000000,20.36,1.322388711,650.51
269.812B,0.05,269812000000,5.66,0.251889169,19.9
215.679B,-0.33,215679000000,8.1,-1.204819277,27.06
248.946B,0.05,248946000000,5.75,0.248138958,20.2
239.34B,0.12,239340000000,5.73,0.599101348,20.15
240.083B,-0.01,240083000000,5.91,-0.048146365,20.76
245.281B,-0.03,245281000000,6.98,-0.122100122,24.54
201.039B,1.45,201039000000,5.18,6.154499151,25.01
186.047B,0.51,186047000000,5.22,2.062272543,25.24
182.822B,0.04,182822000000,4.63,0.178970917,22.39
178.136B,1.77,178136000000,235.88,0.155536028,1139.77
143.582B,0.09,143582000000,2.97,0.357142857,25.29
151.233B,0.06,151233000000,6.8,0.160213618,37.51
139.212B,-0.33,139212000000,14.31,-0.399370689,82.3
141.305B,-0.93,141305000000,10.87,-2.426297939,37.4
133.442B,-0.38,133442000000,12.22,-0.394928289,95.84
126.186B,0.67,126186000000,26.18,0.998063459,67.8
122.883B,0.07,122883000000,3.57,0.407925408,17.23
106.741B,-1.67,106741000000,11.43,-0.520703417,319.05
114.856B,-2.26,114856000000,43.72,-0.627272475,358.03
88.986B,-0.63,88986000000,6.28,-1.368672605,45.4
110.419B,-0.12,110419000000,15.62,-0.081081081,147.88
111.861B,-0.27,111861000000,9.89,-0.443422565,60.62
98.868B,-0.28,98868000000,101.2,-0.336215178,83
98.412B,8.97,98412000000,20.35,1.397152737,650.99
94.477B,0.02,94477000000,2.89,0.078678206,25.44
215.765B,-0.31,215765000000,8.11,-1.131799927,27.08
248.946B,0.05,248946000000,5.75,0.248138958,20.2
239.34B,0.12,239340000000,5.73,0.599101348,20.15
240.083B,-0.01,240083000000,5.91,-0.048146365,20.76
245.281B,-0.03,245281000000,6.98,-0.122100122,24.54
201.039B,1.44,201039000000,5.18,6.112054329,25
186.047B,0.51,186047000000,5.22,2.062272543,25.24
182.822B,0.04,182822000000,4.63,0.178970917,22.39
178.136B,1.77,178136000000,235.88,0.155536028,1139.77
143.582B,0.09,143582000000,2.97,0.357142857,25.29
151.213B,0.06,151213000000,6.79,0.160213618,37.51
139.263B,-0.35,139263000000,14.31,-0.423574973,82.28
141.305B,-0.92,141305000000,10.87,-2.399582681,37.42
133.47B,-0.41,133470000000,12.23,-0.426106838,95.81
126.186B,0.67,126186000000,26.18,0.998063459,67.8
122.883B,0.07,122883000000,3.57,0.407925408,17.23
106.798B,-1.67,106798000000,11.44,-0.520703417,319.05
114.856B,-2.26,114856000000,43.72,-0.627272475,358.03
89.035B,-0.63,89035000000,6.28,-1.368672605,45.4
110.419B,-0.12,110419000000,15.62,-0.081081081,147.88
111.861B,-0.24,111861000000,9.89,-0.394153391,60.65
98.892B,-0.28,98892000000,101.22,-0.336215178,83
98.484B,8.97,98484000000,20.37,1.397152737,650.99
94.477B,0.02,94477000000,2.89,0.078678206,25.44
88.94B,1.32,88940000000,13.33,2.765556254,49.05
248.946B,0.05,248946000000,5.75,0.248138958,20.2
239.34B,0.12,239340000000,5.73,0.599101348,20.15
240.083B,-0.01,240083000000,5.91,-0.048146365,20.76
245.281B,-0.03,245281000000,6.98,-0.122100122,24.54
201.015B,1.45,201015000000,5.18,6.154499151,25.01
186.047B,0.51,186047000000,5.22,2.062272543,25.24
182.822B,0.04,182822000000,4.63,0.178970917,22.39
178.136B,1.77,178136000000,235.88,0.155536028,1139.77
143.582B,0.09,143582000000,2.97,0.357142857,25.29
151.233B,0.06,151233000000,6.8,0.160213618,37.51
139.212B,-0.36,139212000000,14.31,-0.435677115,82.27
141.343B,-0.92,141343000000,10.88,-2.399582681,37.42
133.402B,-0.41,133402000000,12.22,-0.426106838,95.81
126.223B,0.69,126223000000,26.19,1.027856398,67.82
122.883B,0.07,122883000000,3.57,0.407925408,17.23
106.798B,-1.67,106798000000,11.44,-0.520703417,319.05
114.856B,-2.26,114856000000,43.72,-0.627272475,358.03
89.025B,-0.64,89025000000,6.28,-1.390397567,45.39
110.419B,-0.12,110419000000,15.62,-0.081081081,147.88
111.919B,-0.24,111919000000,9.89,-0.394153391,60.65
98.886B,-0.28,98886000000,101.21,-0.336215178,83
98.484B,8.97,98484000000,20.37,1.397152737,650.99
94.477B,0.02,94477000000,2.89,0.078678206,25.44
88.936B,1.32,88936000000,13.33,2.765556254,49.05
89.234B,0,89234000000,28.18,0,180.37
239.34B,0.12,239340000000,5.73,0.599101348,20.15
240.083B,-0.01,240083000000,5.91,-0.048146365,20.76
245.281B,-0.03,245281000000,6.98,-0.122100122,24.54
201.015B,1.45,201015000000,5.18,6.154499151,25.01
186.047B,0.51,186047000000,5.22,2.062272543,25.24
182.822B,0.04,182822000000,4.63,0.178970917,22.39
178.136B,1.77,178136000000,235.88,0.155536028,1139.77
143.582B,0.09,143582000000,2.97,0.357142857,25.29
151.233B,0.06,151233000000,6.8,0.160213618,37.51
139.212B,-0.37,139212000000,14.31,-0.447779257,82.26
141.343B,-0.92,141343000000,10.88,-2.400208714,37.41
133.402B,-0.41,133402000000,12.22,-0.426106838,95.81
126.223B,0.68,126223000000,26.19,1.012959928,67.81
122.883B,0.07,122883000000,3.57,0.407925408,17.23
106.798B,-1.67,106798000000,11.44,-0.520703417,319.05
114.856B,-2.48,114856000000,43.72,-0.688334397,357.81
89.025B,-0.63,89025000000,6.28,-1.368672605,45.4
110.419B,-0.12,110419000000,15.62,-0.081081081,147.88
111.9B,-0.25,111900000000,9.89,-0.410576449,60.64
98.856B,-0.34,98856000000,101.18,-0.408261287,82.94
98.484B,8.97,98484000000,20.37,1.397152737,650.99
94.477B,0.02,94477000000,2.89,0.078678206,25.44
88.932B,1.33,88932000000,13.33,2.786507438,49.06
89.234B,-0.05,89234000000,28.18,-0.027720796,180.32
68.303B,-0.01,68303000000,0.48,-0.040032026,24.97
240.083B,-0.01,240083000000,5.91,-0.048146365,20.76
245.281B,-0.03,245281000000,6.98,-0.122100122,24.54
201.015B,1.45,201015000000,5.18,6.154499151,25.01
186.047B,0.51,186047000000,5.22,2.062272543,25.24
182.822B,0.04,182822000000,4.63,0.178970917,22.39
178.136B,1.77,178136000000,235.88,0.155536028,1139.77
143.582B,0.09,143582000000,2.97,0.357142857,25.29
151.233B,0.06,151233000000,6.8,0.160213618,37.51
139.204B,-0.35,139204000000,14.31,-0.423574973,82.28
141.324B,-0.93,141324000000,10.88,-2.426297939,37.4
133.402B,-0.41,133402000000,12.22,-0.426106838,95.81
126.205B,0.68,126205000000,26.18,1.012959928,67.81
122.883B,0.07,122883000000,3.57,0.407925408,17.23
106.798B,-1.67,106798000000,11.44,-0.520703417,319.05
114.785B,-2.54,114785000000,43.69,-0.704968082,357.76
89.025B,-0.64,89025000000,6.28,-1.390397567,45.39
110.356B,-0.2,110356000000,15.61,-0.135144267,147.79
111.9B,-0.24,111900000000,9.89,-0.394153391,60.65
98.821B,-0.34,98821000000,101.15,-0.408261287,82.94
98.484B,8.97,98484000000,20.37,1.397152737,650.99
94.477B,0.02,94477000000,2.89,0.078678206,25.44
88.945B,1.33,88945000000,13.33,2.786507438,49.06
89.208B,-0.05,89208000000,28.18,-0.027720796,180.32
68.303B,-0.01,68303000000,0.48,-0.040032026,24.97
82.668B,-1.79,82668000000,15.85,-0.888822682,199.6
245.281B,-0.03,245281000000,6.98,-0.122100122,24.54
201.015B,1.45,201015000000,5.18,6.154499151,25.01
186.047B,0.51,186047000000,5.22,2.062272543,25.24
182.822B,0.04,182822000000,4.63,0.178970917,22.39
178.136B,1.77,178136000000,235.88,0.155536028,1139.77
143.582B,0.09,143582000000,2.97,0.357142857,25.29
151.233B,0.05,151233000000,6.8,0.133511348,37.5
139.246B,-0.34,139246000000,14.31,-0.411472831,82.29
141.305B,-0.93,141305000000,10.87,-2.426297939,37.4
133.402B,-0.41,133402000000,12.22,-0.426106838,95.81
126.205B,0.68,126205000000,26.18,1.012959928,67.81
122.883B,0.07,122883000000,3.57,0.407925408,17.23
106.798B,-1.67,106798000000,11.44,-0.520703417,319.05
114.768B,-2.54,114768000000,43.68,-0.704968082,357.76
89.035B,-0.63,89035000000,6.28,-1.368672605,45.4
110.356B,-0.2,110356000000,15.61,-0.135144267,147.79
111.919B,-0.24,111919000000,9.89,-0.394153391,60.65
98.821B,-0.34,98821000000,101.15,-0.408261287,82.94
98.484B,8.97,98484000000,20.37,1.397152737,650.99
94.477B,0.02,94477000000,2.89,0.078678206,25.44
88.945B,1.33,88945000000,13.33,2.786507438,49.06
89.208B,-0.05,89208000000,28.18,-0.027720796,180.32
68.303B,-0.01,68303000000,0.48,-0.040032026,24.97
82.668B,-1.79,82668000000,15.85,-0.888822682,199.6
66.271B,-0.03,66271000000,3.16,-0.120578778,24.85
200.937B,1.44,200937000000,5.17,6.112054329,25
186.047B,0.51,186047000000,5.22,2.062272543,25.24
182.822B,0.04,182822000000,4.63,0.178970917,22.39
178.136B,1.77,178136000000,235.88,0.155536028,1139.77
143.582B,0.09,143582000000,2.97,0.357142857,25.29
151.193B,0.05,151193000000,6.79,0.133511348,37.5
139.238B,-0.34,139238000000,14.31,-0.411472831,82.29
141.362B,-0.91,141362000000,10.88,-2.374119489,37.42
133.402B,-0.41,133402000000,12.22,-0.426106838,95.81
126.205B,0.68,126205000000,26.18,1.012959928,67.81
122.883B,0.07,122883000000,3.57,0.407925408,17.23
106.798B,-1.67,106798000000,11.44,-0.520703417,319.05
114.768B,-2.54,114768000000,43.68,-0.704968082,357.76
89.055B,-0.64,89055000000,6.28,-1.390397567,45.39
110.356B,-0.2,110356000000,15.61,-0.135144267,147.79
111.937B,-0.23,111937000000,9.9,-0.377730333,60.66
98.85B,-0.31,98850000000,101.18,-0.372238232,82.97
98.484B,8.97,98484000000,20.37,1.397152737,650.99
94.477B,0.02,94477000000,2.89,0.078678206,25.44
88.99B,1.34,88990000000,13.34,2.807458621,49.07
89.208B,-0.05,89208000000,28.18,-0.027720796,180.32
68.303B,-0.01,68303000000,0.48,-0.040032026,24.97
82.668B,-1.79,82668000000,15.85,-0.888822682,199.6
66.271B,-0.03,66271000000,3.16,-0.120578778,24.85
63.275B,0.07,63275000000,0.47,0.287002870,24.46
186.01B,0.51,186010000000,5.22,2.062272543,25.24
182.822B,0.04,182822000000,4.63,0.178970917,22.39
178.136B,1.77,178136000000,235.88,0.155536028,1139.77
143.782B,0.13,143782000000,2.98,0.515873016,25.33
151.193B,0.05,151193000000,6.79,0.133511348,37.5
139.246B,-0.35,139246000000,14.31,-0.423523717,82.29
141.362B,-0.91,141362000000,10.88,-2.374119489,37.42
133.402B,-0.41,133402000000,12.22,-0.426106838,95.81
126.147B,0.65,126147000000,26.17,0.968270520,67.78
122.883B,0.07,122883000000,3.57,0.407925408,17.23
106.798B,-1.67,106798000000,11.44,-0.520703417,319.05
114.768B,-2.54,114768000000,43.68,-0.704968082,357.76
89.02B,-0.64,89020000000,6.28,-1.390397567,45.39
110.356B,-0.13,110356000000,15.61,-0.087843773,147.86
111.937B,-0.23,111937000000,9.9,-0.377730333,60.66
98.892B,-0.28,98892000000,101.22,-0.336215178,83
98.472B,8.77,98472000000,20.37,1.366001059,650.79
94.477B,0.02,94477000000,2.89,0.078678206,25.44
88.972B,1.33,88972000000,13.33,2.786507438,49.06
89.208B,-0.05,89208000000,28.18,-0.027720796,180.32
68.303B,-0.01,68303000000,0.48,-0.040032026,24.97
82.668B,-1.79,82668000000,15.85,-0.888822682,199.6
66.271B,-0.03,66271000000,3.16,-0.120578778,24.85
63.275B,0.07,63275000000,0.47,0.287002870,24.46
80.086B,-0.03,80086000000,19.59,-0.130718954,22.92
182.822B,0.04,182822000000,4.63,0.178970917,22.39
178.136B,1.77,178136000000,235.88,0.155536028,1139.77
143.782B,0.13,143782000000,2.98,0.515873016,25.33
151.193B,0.05,151193000000,6.79,0.133511348,37.5
139.229B,-0.35,139229000000,14.31,-0.423574973,82.28
141.381B,-0.91,141381000000,10.88,-2.374119489,37.42
133.402B,-0.41,133402000000,12.22,-0.426106838,95.81
126.147B,0.65,126147000000,26.17,0.968270520,67.78
122.883B,0.07,122883000000,3.57,0.407925408,17.23
106.798B,-1.67,106798000000,11.44,-0.520703417,319.05
114.768B,-2.54,114768000000,43.68,-0.704968082,357.76
89.02B,-0.63,89020000000,6.28,-1.368672605,45.4
110.408B,-0.13,110408000000,15.61,-0.087843773,147.86
111.937B,-0.23,111937000000,9.9,-0.377730333,60.66
98.892B,-0.28,98892000000,101.22,-0.336215178,83
98.454B,8.91,98454000000,20.36,1.387807233,650.93
94.477B,0.02,94477000000,2.89,0.078678206,25.44
88.958B,1.33,88958000000,13.33,2.786507438,49.06
89.208B,-0.05,89208000000,28.18,-0.027720796,180.32
68.303B,-0.01,68303000000,0.48,-0.040032026,24.97
82.668B,-1.79,82668000000,15.85,-0.888822682,199.6
66.271B,-0.03,66271000000,3.16,-0.120578778,24.85
63.275B,0.07,63275000000,0.47,0.287002870,24.46
80.086B,-0.03,80086000000,19.59,-0.130718954,22.92
64.83B,-0.01,64830000000,3.19,-0.039872408,25.07
178.136B,1.77,178136000000,235.88,0.155536028,1139.77
143.782B,0.13,143782000000,2.98,0.515873016,25.33
151.193B,0.05,151193000000,6.79,0.133511348,37.5
139.246B,-0.33,139246000000,14.31,-0.399370689,82.3
141.362B,-0.93,141362000000,10.88,-2.426297939,37.4
133.402B,-0.41,133402000000,12.22,-0.426106838,95.81
126.167B,0.66,126167000000,26.17,0.983166989,67.79
122.883B,0.07,122883000000,3.57,0.407925408,17.23
106.798B,-1.67,106798000000,11.44,-0.520703417,319.05
114.83B,-2.38,114830000000,43.71,-0.660578978,357.91
88.996B,-0.64,88996000000,6.28,-1.390397567,45.39
110.378B,-0.19,110378000000,15.61,-0.128387053,147.8
111.953B,-0.22,111953000000,9.9,-0.361307275,60.67
98.892B,-0.28,98892000000,101.22,-0.336215178,83
98.475B,8.91,98475000000,20.37,1.387807233,650.93
94.477B,0.02,94477000000,2.89,0.078678206,25.44
88.954B,1.31,88954000000,13.33,2.744030163,49.05
89.208B,-0.02,89208000000,28.18,-0.011088318,180.35
68.303B,-0.01,68303000000,0.48,-0.040032026,24.97
82.668B,-1.79,82668000000,15.85,-0.888822682,199.6
66.271B,-0.03,66271000000,3.16,-0.120578778,24.85
63.275B,0.07,63275000000,0.47,0.287002870,24.46
80.086B,-0.03,80086000000,19.59,-0.130718954,22.92
64.83B,-0.01,64830000000,3.19,-0.039872408,25.07
79.133B,-0.07,79133000000,94.94,-0.052262207,133.87
143.782B,0.13,143782000000,2.98,0.515873016,25.33
151.193B,0.05,151193000000,6.79,0.133511348,37.5
139.263B,-0.33,139263000000,14.31,-0.399370689,82.3
141.305B,-0.93,141305000000,10.87,-2.426297939,37.4
133.402B,-0.41,133402000000,12.22,-0.426106838,95.81
126.167B,0.66,126167000000,26.17,0.983166989,67.79
122.883B,0.07,122883000000,3.57,0.407925408,17.23
106.798B,-1.67,106798000000,11.44,-0.520703417,319.05
114.818B,-2.38,114818000000,43.7,-0.660578978,357.91
89.006B,-0.65,89006000000,6.28,-1.412122529,45.38
110.367B,-0.19,110367000000,15.61,-0.128387053,147.8
111.953B,-0.22,111953000000,9.9,-0.361307275,60.67
98.892B,-0.28,98892000000,101.22,-0.336215178,83
98.475B,8.91,98475000000,20.37,1.387807233,650.93
94.477B,0.02,94477000000,2.89,0.078678206,25.44
88.927B,1.3,88927000000,13.33,2.723653886,49.03
89.223B,-0.02,89223000000,28.18,-0.011088318,180.35
68.303B,-0.01,68303000000,0.48,-0.040032026,24.97
82.668B,-1.79,82668000000,15.85,-0.888822682,199.6
66.271B,-0.03,66271000000,3.16,-0.120578778,24.85
63.275B,0.07,63275000000,0.47,0.287002870,24.46
80.086B,-0.03,80086000000,19.59,-0.130718954,22.92
64.83B,-0.01,64830000000,3.19,-0.039872408,25.07
79.133B,-0.07,79133000000,94.94,-0.052262207,133.87
63.064B,-0.08,63064000000,2.95,-0.343642612,23.2
151.193B,0.05,151193000000,6.79,0.133511348,37.5
139.263B,-0.33,139263000000,14.31,-0.399370689,82.3
141.286B,-0.93,141286000000,10.87,-2.426297939,37.4
133.402B,-0.41,133402000000,12.22,-0.426106838,95.81
126.167B,0.66,126167000000,26.17,0.983166989,67.79
122.883B,0.07,122883000000,3.57,0.407925408,17.23
106.798B,-1.67,106798000000,11.44,-0.520703417,319.05
114.818B,-2.38,114818000000,43.7,-0.660578978,357.91
89.006B,-0.64,89006000000,6.28,-1.390397567,45.39
110.367B,-0.19,110367000000,15.61,-0.128387053,147.8
111.953B,-0.22,111953000000,9.9,-0.361307275,60.67
98.892B,-0.28,98892000000,101.22,-0.336215178,83
98.475B,8.82,98475000000,20.37,1.373788979,650.84
94.477B,0.02,94477000000,2.89,0.078678206,25.44
88.9B,1.32,88900000000,13.32,2.765556254,49.05
89.223B,-0.02,89223000000,28.18,-0.011088318,180.35
68.303B,-0.01,68303000000,0.48,-0.040032026,24.97
82.668B,-1.79,82668000000,15.85,-0.888822682,199.6
66.271B,-0.03,66271000000,3.16,-0.120578778,24.85
63.275B,0.07,63275000000,0.47,0.287002870,24.46
80.086B,-0.03,80086000000,19.59,-0.130718954,22.92
64.83B,-0.01,64830000000,3.19,-0.039872408,25.07
79.133B,-0.07,79133000000,94.94,-0.052262207,133.87
63.064B,-0.08,63064000000,2.95,-0.343642612,23.2
63.647B,-0.01,63647000000,3.19,-0.039840637,25.09
139.263B,-0.33,139263000000,14.31,-0.399370689,82.3
141.343B,-0.92,141343000000,10.88,-2.399582681,37.42
133.402B,-0.41,133402000000,12.22,-0.426106838,95.81
126.186B,0.67,126186000000,26.18,0.998063459,67.8
122.883B,0.07,122883000000,3.57,0.407925408,17.23
106.781B,-1.72,106781000000,11.43,-0.536293340,319
114.818B,-2.38,114818000000,43.7,-0.660578978,357.91
89.016B,-0.65,89016000000,6.28,-1.412122529,45.38
110.367B,-0.22,110367000000,15.61,-0.148658693,147.77
111.953B,-0.22,111953000000,9.9,-0.361307275,60.67
98.892B,-0.29,98892000000,101.22,-0.348222863,82.99
98.461B,8.82,98461000000,20.36,1.373788979,650.84
94.477B,0.02,94477000000,2.89,0.078678206,25.44
88.936B,1.33,88936000000,13.33,2.786507438,49.06
89.223B,-0.02,89223000000,28.18,-0.011088318,180.35
68.303B,-0.01,68303000000,0.48,-0.040032026,24.97
82.647B,-1.84,82647000000,15.85,-0.913650132,199.55
66.271B,-0.03,66271000000,3.16,-0.120578778,24.85
63.275B,0.07,63275000000,0.47,0.287002870,24.46
80.086B,-0.03,80086000000,19.59,-0.130718954,22.92
64.83B,-0.01,64830000000,3.19,-0.039872408,25.07
79.133B,-0.07,79133000000,94.94,-0.052262207,133.87
63.064B,-0.08,63064000000,2.95,-0.343642612,23.2
63.647B,-0.01,63647000000,3.19,-0.039840637,25.09
78.042B,-0.01,78042000000,26.73,-0.155763240,6.41
141.343B,-0.92,141343000000,10.88,-2.399582681,37.42
133.402B,-0.41,133402000000,12.22,-0.426106838,95.81
126.186B,0.67,126186000000,26.18,0.998063459,67.8
122.883B,0.07,122883000000,3.57,0.407925408,17.23
106.751B,-1.81,106751000000,11.43,-0.564355201,318.91
114.818B,-2.38,114818000000,43.7,-0.660578978,357.91
88.996B,-0.65,88996000000,6.28,-1.412122529,45.38
110.341B,-0.22,110341000000,15.6,-0.148658693,147.77
111.919B,-0.24,111919000000,9.89,-0.394153391,60.65
98.88B,-0.29,98880000000,101.21,-0.348222863,82.99
98.461B,8.82,98461000000,20.36,1.373788979,650.84
94.477B,0.02,94477000000,2.89,0.078678206,25.44
88.945B,1.33,88945000000,13.33,2.786507438,49.06
89.253B,0.04,89253000000,28.19,0.022176637,180.41
68.303B,-0.01,68303000000,0.48,-0.040032026,24.97
82.647B,-1.84,82647000000,15.85,-0.913650132,199.55
66.271B,-0.03,66271000000,3.16,-0.120578778,24.85
63.353B,0.1,63353000000,0.48,0.410004100,24.49
80.051B,-0.03,80051000000,19.59,-0.130718954,22.92
64.83B,-0.01,64830000000,3.19,-0.039872408,25.07
79.145B,-0.05,79145000000,94.96,-0.037330148,133.89
63.064B,-0.08,63064000000,2.95,-0.343642612,23.2
78.042B,-0.01,78042000000,26.73,-0.155763240,6.41
63.647B,-0.01,63647000000,3.19,-0.039840637,25.09
74.004B,0.2,74004000000,0.39,1.006036217,20.08
133.402B,-0.41,133402000000,12.22,-0.426106838,95.81
126.186B,0.67,126186000000,26.18,0.998063459,67.8
122.883B,0.07,122883000000,3.57,0.407925408,17.23
106.751B,-1.81,106751000000,11.43,-0.564355201,318.91
114.818B,-2.38,114818000000,43.7,-0.660578978,357.91
88.996B,-0.65,88996000000,6.28,-1.412122529,45.38
110.341B,-0.22,110341000000,15.6,-0.148658693,147.77
111.919B,-0.24,111919000000,9.89,-0.394153391,60.65
98.88B,-0.29,98880000000,101.21,-0.348222863,82.99
98.461B,8.82,98461000000,20.36,1.373788979,650.84
94.477B,0.02,94477000000,2.89,0.078678206,25.44
88.97B,1.35,88970000000,13.33,2.828409805,49.08
89.253B,0.04,89253000000,28.19,0.022176637,180.41
68.303B,-0.01,68303000000,0.48,-0.040032026,24.97
82.647B,-1.84,82647000000,15.85,-0.913650132,199.55
66.271B,-0.03,66271000000,3.16,-0.120578778,24.85
63.353B,0.1,63353000000,0.48,0.410004100,24.49
80.086B,-0.03,80086000000,19.59,-0.130718954,22.92
64.83B,-0.01,64830000000,3.19,-0.039872408,25.07
79.145B,-0.01,79145000000,94.96,-0.007466030,133.93
63.064B,-0.08,63064000000,2.95,-0.343642612,23.2
78.042B,-0.01,78042000000,26.73,-0.155763240,6.41
63.647B,-0.01,63647000000,3.19,-0.039840637,25.09
74.004B,0.2,74004000000,0.39,1.006036217,20.08
73.35B,0.21,73350000000,0.4,1.026392962,20.67
126.186B,0.67,126186000000,26.18,0.998063459,67.8
122.883B,0.07,122883000000,3.57,0.407925408,17.23
106.767B,-1.76,106767000000,11.43,-0.548765278,318.96
114.818B,-2.38,114818000000,43.7,-0.660578978,357.91
89.035B,-0.63,89035000000,6.28,-1.368672605,45.4
110.341B,-0.19,110341000000,15.6,-0.128387053,147.8
111.919B,-0.24,111919000000,9.89,-0.394153391,60.65
98.898B,-0.28,98898000000,101.23,-0.336215178,83
98.461B,8.82,98461000000,20.36,1.373788979,650.84
94.477B,0.02,94477000000,2.89,0.078678206,25.44
88.999B,1.35,88999000000,13.34,2.828409805,49.08
89.253B,0.04,89253000000,28.19,0.022176637,180.41
68.303B,-0.01,68303000000,0.48,-0.040032026,24.97
82.647B,-1.84,82647000000,15.85,-0.913650132,199.55
66.271B,-0.03,66271000000,3.16,-0.120578778,24.85
63.353B,0.1,63353000000,0.48,0.410004100,24.49
80.086B,-0.03,80086000000,19.59,-0.130718954,22.92
64.83B,-0.01,64830000000,3.19,-0.039872408,25.07
79.171B,-0.01,79171000000,94.99,-0.007466030,133.93
63.064B,-0.08,63064000000,2.95,-0.343642612,23.2
78.042B,-0.01,78042000000,26.73,-0.155763240,6.41
63.647B,-0.01,63647000000,3.19,-0.039840637,25.09
74.004B,0.2,74004000000,0.39,1.006036217,20.08
73.35B,0.21,73350000000,0.4,1.026392962,20.67
72.44B,-2.1,72440000000,35.28,-3.272047367,62.08
122.883B,0.07,122883000000,3.57,0.407925408,17.23
106.747B,-1.82,106747000000,11.43,-0.567473185,318.9
114.818B,-2.38,114818000000,43.7,-0.660578978,357.91
89.035B,-0.63,89035000000,6.28,-1.368672605,45.4
110.378B,-0.17,110378000000,15.61,-0.114872627,147.82
111.919B,-0.24,111919000000,9.89,-0.394153391,60.65
98.898B,-0.28,98898000000,101.23,-0.336215178,83
98.461B,8.82,98461000000,20.36,1.373788979,650.84
94.477B,0.02,94477000000,2.89,0.078678206,25.44
88.972B,1.34,88972000000,13.33,2.807458621,49.07
89.253B,0.02,89253000000,28.19,0.011088318,180.39
68.303B,-0.01,68303000000,0.48,-0.040032026,24.97
82.623B,-1.9,82623000000,15.85,-0.943443071,199.49
66.271B,-0.03,66271000000,3.16,-0.120578778,24.85
63.353B,0.1,63353000000,0.48,0.410004100,24.49
80.086B,-0.03,80086000000,19.59,-0.130718954,22.92
64.83B,-0.01,64830000000,3.19,-0.039872408,25.07
79.171B,-0.01,79171000000,94.99,-0.007466030,133.93
63.064B,-0.08,63064000000,2.95,-0.343642612,23.2
78.042B,-0.01,78042000000,26.73,-0.155763240,6.41
63.647B,-0.01,63647000000,3.19,-0.039840637,25.09
74.004B,0.2,74004000000,0.39,1.006036217,20.08
73.35B,0.21,73350000000,0.4,1.026392962,20.67
72.435B,-2.12,72435000000,35.28,-3.303209723,62.06
72.085B,-0.09,72085000000,3.78,-0.511363636,17.51
106.714B,-1.92,106714000000,11.43,-0.598653031,318.8
114.818B,-2.38,114818000000,43.7,-0.660578978,357.91
89.016B,-0.64,89016000000,6.28,-1.390397567,45.39
110.341B,-0.22,110341000000,15.6,-0.148658693,147.77
111.919B,-0.24,111919000000,9.89,-0.394153391,60.65
98.898B,-0.29,98898000000,101.23,-0.348222863,82.99
98.43B,8.61,98430000000,20.36,1.341079717,650.63
94.477B,0.02,94477000000,2.89,0.078678206,25.44
88.954B,1.33,88954000000,13.33,2.786507438,49.06
89.243B,0.02,89243000000,28.19,0.011088318,180.39
68.303B,-0.01,68303000000,0.48,-0.040032026,24.97
82.623B,-1.9,82623000000,15.85,-0.943443071,199.49
66.271B,-0.03,66271000000,3.16,-0.120578778,24.85
63.353B,0.1,63353000000,0.48,0.410004100,24.49
80.086B,-0.03,80086000000,19.59,-0.130718954,22.92
64.83B,-0.01,64830000000,3.19,-0.039872408,25.07
79.145B,-0.02,79145000000,94.96,-0.014932059,133.92
63.064B,-0.08,63064000000,2.95,-0.343642612,23.2
78.042B,-0.01,78042000000,26.73,-0.155763240,6.41
63.647B,-0.01,63647000000,3.19,-0.039840637,25.09
74.004B,0.2,74004000000,0.39,1.006036217,20.08
73.35B,0.21,73350000000,0.4,1.026392962,20.67
72.411B,-2.1,72411000000,35.26,-3.272047367,62.08
72.085B,-0.09,72085000000,3.78,-0.511363636,17.51
71.974B,0.22,71974000000,2.6,1.088031652,20.44
114.818B,-2.38,114818000000,43.7,-0.660578978,357.91
89.013B,-0.64,89013000000,6.28,-1.390397567,45.39
110.348B,-0.21,110348000000,15.61,-0.141901480,147.78
111.888B,-0.26,111888000000,9.89,-0.426999507,60.63
98.904B,-0.27,98904000000,101.23,-0.324207493,83.01
98.43B,8.61,98430000000,20.36,1.341079717,650.63
94.477B,0.02,94477000000,2.89,0.078678206,25.44
88.972B,1.34,88972000000,13.33,2.807458621,49.07
89.243B,0.02,89243000000,28.19,0.011088318,180.39
68.303B,-0.01,68303000000,0.48,-0.040032026,24.97
82.65B,-1.83,82650000000,15.85,-0.908684642,199.56
66.271B,-0.03,66271000000,3.16,-0.120578778,24.85
63.353B,0.1,63353000000,0.48,0.410004100,24.49
80.086B,-0.03,80086000000,19.59,-0.130718954,22.92
64.83B,0,64830000000,3.19,0,25.08
79.162B,0.05,79162000000,94.98,0.037330148,133.99
63.064B,-0.08,63064000000,2.95,-0.343642612,23.2
63.647B,-0.01,63647000000,3.19,-0.039840637,25.09
78.042B,-0.01,78042000000,26.73,-0.155763240,6.41
74.004B,0.2,74004000000,0.39,1.006036217,20.08
73.35B,0.21,73350000000,0.4,1.026392962,20.67
72.435B,-2.08,72435000000,35.28,-3.240885011,62.1
72.085B,-0.09,72085000000,3.78,-0.511363636,17.51
71.974B,0.22,71974000000,2.6,1.088031652,20.44
69.93B,0.07,69930000000,4.81,0.315031503,22.29
89.045B,-0.62,89045000000,6.28,-1.347240330,45.4
110.348B,-0.21,110348000000,15.61,-0.141901480,147.78
111.888B,-0.26,111888000000,9.89,-0.426999507,60.63
98.904B,-0.27,98904000000,101.23,-0.324207493,83.01
98.43B,8.61,98430000000,20.36,1.341079717,650.63
94.477B,0.02,94477000000,2.89,0.078678206,25.44
88.99B,1.35,88990000000,13.34,2.828409805,49.08
89.243B,0.02,89243000000,28.19,0.011088318,180.39
68.303B,-0.01,68303000000,0.48,-0.040032026,24.97
82.65B,-1.83,82650000000,15.85,-0.908684642,199.56
66.271B,-0.03,66271000000,3.16,-0.120578778,24.85
63.353B,0.1,63353000000,0.48,0.410004100,24.49
80.086B,-0.03,80086000000,19.59,-0.130718954,22.92
64.869B,0,64869000000,3.19,0,25.08
79.215B,0.1,79215000000,95.04,0.074660296,134.04
63.064B,-0.08,63064000000,2.95,-0.343642612,23.2
63.647B,-0.01,63647000000,3.19,-0.039840637,25.09
78.042B,-0.01,78042000000,26.73,-0.155763240,6.41
74.004B,0.2,74004000000,0.39,1.006036217,20.08
73.35B,0.21,73350000000,0.4,1.026392962,20.67
72.44B,-2.12,72440000000,35.28,-3.303209723,62.06
72.085B,-0.09,72085000000,3.78,-0.511363636,17.51
71.974B,0.22,71974000000,2.6,1.088031652,20.44
69.93B,0.07,69930000000,4.81,0.315031503,22.29
68.501B,0.28,68501000000,26.75,0.083527236,335.5
110.386B,-0.16,110386000000,15.61,-0.108115413,147.83
111.965B,-0.22,111965000000,9.9,-0.361307275,60.67
99.035B,-0.16,99035000000,101.37,-0.192122959,83.12
98.41B,8.48,98410000000,20.35,1.320831127,650.5
94.477B,0.02,94477000000,2.89,0.078678206,25.44
89.099B,1.41,89099000000,13.35,2.954116908,49.14
89.263B,0.06,89263000000,28.19,0.033264955,180.43
68.303B,-0.01,68303000000,0.48,-0.040032026,24.97
82.674B,-1.77,82674000000,15.86,-0.878891703,199.62
66.271B,-0.03,66271000000,3.16,-0.120578778,24.85
63.353B,0.1,63353000000,0.48,0.410004100,24.49
80.103B,-0.02,80103000000,19.6,-0.087145969,22.93
64.869B,0,64869000000,3.19,0,25.08
79.215B,0.07,79215000000,95.04,0.052262207,134.01
63.064B,-0.08,63064000000,2.95,-0.343642612,23.2
63.647B,-0.01,63647000000,3.19,-0.039840637,25.09
78.042B,-0.01,78042000000,26.73,-0.155763240,6.41
74.004B,0.2,74004000000,0.39,1.006036217,20.08
73.35B,0.21,73350000000,0.4,1.026392962,20.67
72.475B,-2.06,72475000000,35.3,-3.209722655,62.12
72.085B,-0.09,72085000000,3.78,-0.511363636,17.51
71.974B,0.22,71974000000,2.6,1.088031652,20.44
69.93B,0.07,69930000000,4.81,0.315031503,22.29
68.525B,0.28,68525000000,26.75,0.083527236,335.5
67.066B,1.07,67066000000,23.67,0.583169828,184.55
111.965B,-0.22,111965000000,9.9,-0.361307275,60.67
99.035B,-0.16,99035000000,101.37,-0.192122959,83.12
98.41B,8.48,98410000000,20.35,1.320831127,650.5
94.477B,0.02,94477000000,2.89,0.078678206,25.44
89.099B,1.42,89099000000,13.35,2.975068091,49.15
89.263B,0.06,89263000000,28.19,0.033264955,180.43
68.303B,-0.01,68303000000,0.48,-0.040032026,24.97
82.679B,-1.72,82679000000,15.86,-0.854064253,199.67
66.271B,-0.03,66271000000,3.16,-0.120578778,24.85
63.353B,0.1,63353000000,0.48,0.410004100,24.49
80.12B,-0.02,80120000000,19.6,-0.087145969,22.93
64.869B,0,64869000000,3.19,0,25.08
79.215B,0.18,79215000000,95.04,0.134388532,134.12
63.064B,-0.08,63064000000,2.95,-0.343642612,23.2
63.647B,-0.01,63647000000,3.19,-0.039840637,25.09
78.042B,-0.01,78042000000,26.73,-0.155763240,6.41
74.004B,0.2,74004000000,0.39,1.006036217,20.08
73.35B,0.21,73350000000,0.4,1.026392962,20.67
72.475B,-2.05,72475000000,35.3,-3.194141477,62.13
72.085B,-0.09,72085000000,3.78,-0.511363636,17.51
71.974B,0.22,71974000000,2.6,1.088031652,20.44
69.93B,0.07,69930000000,4.81,0.315031503,22.29
68.525B,0.28,68525000000,26.75,0.083527236,335.5
67.047B,1.15,67047000000,23.66,0.626771310,184.63
60.656B,0.18,60656000000,41.83,0.166343222,108.39
99.071B,-0.13,99071000000,101.4,-0.156099904,83.15
98.442B,8.69,98442000000,20.36,1.353540388,650.71
94.477B,0.02,94477000000,2.89,0.078678206,25.44
89.135B,1.43,89135000000,13.36,2.996019275,49.16
89.263B,0.06,89263000000,28.19,0.033264955,180.43
68.303B,-0.01,68303000000,0.48,-0.040032026,24.97
82.737B,-1.62,82737000000,15.87,-0.804409355,199.77
66.271B,-0.03,66271000000,3.16,-0.120578778,24.85
63.353B,0.1,63353000000,0.48,0.410004100,24.49
80.12B,-0.02,80120000000,19.6,-0.087145969,22.93
64.869B,0,64869000000,3.19,0,25.08
79.239B,0.11,79239000000,95.07,0.082126325,134.05
63.064B,-0.08,63064000000,2.95,-0.343642612,23.2
63.647B,-0.01,63647000000,3.19,-0.039840637,25.09
78.042B,-0.01,78042000000,26.73,-0.155763240,6.41
74.004B,0.2,74004000000,0.39,1.006036217,20.08
73.35B,0.21,73350000000,0.4,1.026392962,20.67
72.487B,-2.06,72487000000,35.3,-3.209222620,62.13
72.085B,-0.09,72085000000,3.78,-0.511363636,17.51
71.974B,0.22,71974000000,2.6,1.088031652,20.44
69.93B,0.07,69930000000,4.81,0.315031503,22.29
68.525B,0.28,68525000000,26.75,0.083527236,335.5
67.066B,1.12,67066000000,23.67,0.610420754,184.6
60.684B,0.18,60684000000,41.85,0.166343222,108.39
58.486B,-0.32,58486000000,9.08,-0.648561005,49.02
98.394B,8.37,98394000000,20.35,1.303697704,650.39
94.477B,0.02,94477000000,2.89,0.078678206,25.44
89.09B,1.41,89090000000,13.35,2.954116908,49.14
89.267B,0.07,89267000000,28.19,0.038809115,180.44
68.303B,-0.01,68303000000,0.48,-0.040032026,24.97
82.737B,-1.76,82737000000,15.87,-0.873926213,199.63
66.271B,-0.03,66271000000,3.16,-0.120578778,24.85
63.353B,0.1,63353000000,0.48,0.410004100,24.49
80.12B,-0.02,80120000000,19.6,-0.087145969,22.93
64.869B,0,64869000000,3.19,0,25.08
79.239B,0.05,79239000000,95.07,0.037330148,133.99
63.064B,-0.08,63064000000,2.95,-0.343642612,23.2
63.647B,-0.01,63647000000,3.19,-0.039840637,25.09
78.042B,-0.01,78042000000,26.73,-0.155763240,6.41
74.004B,0.2,74004000000,0.39,1.006036217,20.08
73.35B,0.21,73350000000,0.4,1.026392962,20.67
72.499B,-2.06,72499000000,35.31,-3.209722655,62.12
72.085B,-0.09,72085000000,3.78,-0.511363636,17.51
71.974B,0.22,71974000000,2.6,1.088031652,20.44
69.93B,0.07,69930000000,4.81,0.315031503,22.29
68.525B,0.04,68525000000,26.75,0.011932462,335.26
67.066B,1.01,67066000000,23.67,0.550468716,184.49
60.681B,0.14,60681000000,41.85,0.129378061,108.35
58.486B,-0.32,58486000000,9.08,-0.648561005,49.02
59.544B,-0.03,59544000000,9.88,-0.156331423,19.16
94.477B,0.02,94477000000,2.89,0.078678206,25.44
89.054B,1.39,89054000000,13.35,2.912214540,49.12
89.238B,0.01,89238000000,28.18,0.005544159,180.38
68.303B,-0.01,68303000000,0.48,-0.040032026,24.97
82.679B,-1.76,82679000000,15.86,-0.873926213,199.63
66.271B,-0.03,66271000000,3.16,-0.120578778,24.85
63.353B,0.1,63353000000,0.48,0.410004100,24.49
80.103B,-0.02,80103000000,19.6,-0.087145969,22.93
64.869B,0,64869000000,3.19,0,25.08
79.204B,0.05,79204000000,95.03,0.037330148,133.99
63.064B,-0.08,63064000000,2.95,-0.343642612,23.2
63.647B,-0.01,63647000000,3.19,-0.039840637,25.09
78.042B,-0.01,78042000000,26.73,-0.155763240,6.41
74.004B,0.2,74004000000,0.39,1.006036217,20.08
73.35B,0.21,73350000000,0.4,1.026392962,20.67
72.475B,-2.06,72475000000,35.3,-3.209722655,62.12
72.085B,-0.09,72085000000,3.78,-0.511363636,17.51
71.974B,0.22,71974000000,2.6,1.088031652,20.44
69.93B,0.07,69930000000,4.81,0.315031503,22.29
68.476B,0.04,68476000000,26.74,0.011932462,335.26
67.026B,1.01,67026000000,23.65,0.550468716,184.49
60.659B,0.14,60659000000,41.83,0.129378061,108.35
58.486B,-0.32,58486000000,9.08,-0.648561005,49.02
59.544B,-0.03,59544000000,9.88,-0.156331423,19.16
56.997B,-0.01,56997000000,41.47,-0.003236770,308.94
89.099B,1.42,89099000000,13.35,2.975068091,49.15
89.234B,0,89234000000,28.18,0,180.37
68.303B,-0.01,68303000000,0.48,-0.040032026,24.97
82.679B,-1.76,82679000000,15.86,-0.873926213,199.63
66.271B,-0.03,66271000000,3.16,-0.120578778,24.85
63.353B,0.04,63353000000,0.48,0.164001640,24.43
80.086B,-0.03,80086000000,19.59,-0.130718954,22.92
64.869B,0,64869000000,3.19,0,25.08
79.21B,0.06,79210000000,95.04,0.044796177,134
63.064B,-0.08,63064000000,2.95,-0.343642612,23.2
63.647B,-0.01,63647000000,3.19,-0.039840637,25.09
78.042B,-0.01,78042000000,26.73,-0.155763240,6.41
74.004B,0.2,74004000000,0.39,1.006036217,20.08
73.35B,0.21,73350000000,0.4,1.026392962,20.67
72.487B,-2.07,72487000000,35.3,-3.225303833,62.11
72.085B,-0.09,72085000000,3.78,-0.511363636,17.51
71.974B,0.22,71974000000,2.6,1.088031652,20.44
69.93B,0.07,69930000000,4.81,0.315031503,22.29
68.476B,0.04,68476000000,26.74,0.011932462,335.26
67.019B,0.99,67019000000,23.65,0.539568345,184.47
60.659B,0.14,60659000000,41.83,0.129378061,108.35
58.486B,-0.32,58486000000,9.08,-0.648561005,49.02
59.544B,-0.04,59544000000,9.88,-0.208441897,19.15
56.99B,-0.01,56990000000,41.47,-0.003236770,308.94
56.642B,-0.01,56642000000,9.13,-0.118906064,8.4
89.234B,0,89234000000,28.18,0,180.37
68.303B,-0.01,68303000000,0.48,-0.040032026,24.97
82.679B,-1.76,82679000000,15.86,-0.873926213,199.63
66.271B,-0.03,66271000000,3.16,-0.120578778,24.85
63.197B,0.04,63197000000,0.47,0.164001640,24.43
80.086B,-0.03,80086000000,19.59,-0.130718954,22.92
64.869B,0,64869000000,3.19,0,25.08
79.198B,0.04,79198000000,95.02,0.029864118,133.98
63.064B,-0.08,63064000000,2.95,-0.343642612,23.2
63.647B,-0.01,63647000000,3.19,-0.039840637,25.09
78.042B,-0.01,78042000000,26.73,-0.155763240,6.41
74.004B,0.2,74004000000,0.39,1.006036217,20.08
73.35B,0.21,73350000000,0.4,1.026392962,20.67
72.47B,-2.1,72470000000,35.29,-3.272047367,62.08
72.085B,-0.09,72085000000,3.78,-0.511363636,17.51
71.974B,0.22,71974000000,2.6,1.088031652,20.44
69.93B,0.07,69930000000,4.81,0.315031503,22.29
68.476B,0.04,68476000000,26.74,0.011932462,335.26
67.019B,0.99,67019000000,23.65,0.539568345,184.47
60.659B,0.14,60659000000,41.83,0.129378061,108.35
58.486B,-0.32,58486000000,9.08,-0.648561005,49.02
59.516B,-0.04,59516000000,9.87,-0.208441897,19.15
56.99B,-0.01,56990000000,41.47,-0.003236770,308.94
56.61B,-0.01,56610000000,9.13,-0.118906064,8.4
61.785B,-0.08,61785000000,5.86,-0.091418124,87.43
68.314B,-0.01,68314000000,0.48,-0.040032026,24.97
82.67B,-1.78,82670000000,15.85,-0.883857193,199.61
66.271B,-0.03,66271000000,3.16,-0.120578778,24.85
63.197B,0.04,63197000000,0.47,0.164001640,24.43
80.086B,-0.03,80086000000,19.59,-0.130718954,22.92
64.869B,0,64869000000,3.19,0,25.08
79.192B,0.07,79192000000,95.01,0.052262207,134.01
63.064B,-0.08,63064000000,2.95,-0.343642612,23.2
63.647B,-0.01,63647000000,3.19,-0.039840637,25.09
78.034B,-0.02,78034000000,26.73,-0.311041991,6.41
74.004B,0.2,74004000000,0.39,1.006036217,20.08
73.315B,0.2,73315000000,0.4,0.977517107,20.66
72.429B,-2.1,72429000000,35.27,-3.272047367,62.08
72.085B,-0.09,72085000000,3.78,-0.511363636,17.51
71.974B,0.22,71974000000,2.6,1.088031652,20.44
69.93B,0.07,69930000000,4.81,0.315031503,22.29
68.476B,0.04,68476000000,26.74,0.011932462,335.26
67.041B,1.05,67041000000,23.66,0.572269457,184.53
60.659B,0.14,60659000000,41.83,0.129378061,108.35
58.486B,-0.32,58486000000,9.08,-0.648561005,49.02
59.516B,-0.04,59516000000,9.87,-0.208441897,19.15
56.99B,-0.01,56990000000,41.47,-0.003236665,308.95
56.61B,-0.01,56610000000,9.13,-0.118906064,8.4
61.785B,-0.08,61785000000,5.86,-0.091418124,87.43
54.731B,-0.26,54731000000,,-0.534869368,48.35
82.67B,-1.73,82670000000,15.85,-0.859029743,199.66
66.298B,-0.02,66298000000,3.16,-0.080385852,24.86
63.197B,0.04,63197000000,0.47,0.164001640,24.43
80.086B,-0.03,80086000000,19.59,-0.130718954,22.92
64.869B,0,64869000000,3.19,0,25.08
79.216B,0.07,79216000000,95.04,0.052262207,134.01
63.166B,-0.04,63166000000,2.96,-0.171821306,23.24
63.647B,-0.01,63647000000,3.19,-0.039840637,25.09
78.034B,-0.02,78034000000,26.73,-0.311041991,6.41
74.004B,0.2,74004000000,0.39,1.006036217,20.08
73.315B,0.2,73315000000,0.4,0.977517107,20.66
72.417B,-2.07,72417000000,35.27,-3.225303833,62.11
72.085B,-0.09,72085000000,3.78,-0.511363636,17.51
71.974B,0.22,71974000000,2.6,1.088031652,20.44
69.93B,0.07,69930000000,4.81,0.315031503,22.29
68.476B,0.04,68476000000,26.74,0.011932462,335.26
67.052B,1.13,67052000000,23.66,0.615870940,184.61
60.659B,0.15,60659000000,41.83,0.138619351,108.36
58.486B,-0.32,58486000000,9.08,-0.648561005,49.02
59.524B,-0.04,59524000000,9.87,-0.208441897,19.15
56.99B,0.09,56990000000,41.47,0.029130927,309.04
56.608B,-0.01,56608000000,9.12,-0.118906064,8.4
61.785B,-0.08,61785000000,5.86,-0.091418124,87.43
54.709B,-0.24,54709000000,,-0.493725571,48.37
53.016B,-0.04,53016000000,9.02,-0.733944954,5.41
66.298B,-0.02,66298000000,3.16,-0.080385852,24.86
63.197B,0.04,63197000000,0.47,0.164001640,24.43
80.086B,-0.03,80086000000,19.59,-0.130718954,22.92
64.869B,0,64869000000,3.19,0,25.08
79.233B,0.15,79233000000,95.06,0.111990443,134.09
63.166B,-0.04,63166000000,2.96,-0.171821306,23.24
63.647B,-0.01,63647000000,3.19,-0.039840637,25.09
78.042B,-0.01,78042000000,26.73,-0.155763240,6.41
74.004B,0.2,74004000000,0.39,1.006036217,20.08
73.315B,0.2,73315000000,0.4,0.977517107,20.66
72.499B,-2.06,72499000000,35.31,-3.209722655,62.12
72.085B,-0.09,72085000000,3.78,-0.511363636,17.51
71.974B,0.22,71974000000,2.6,1.088031652,20.44
69.93B,0.07,69930000000,4.81,0.315031503,22.29
68.476B,0.04,68476000000,26.74,0.011932462,335.26
67.073B,1.1,67073000000,23.67,0.599553060,184.57
60.667B,0.15,60667000000,41.84,0.138619351,108.36
58.486B,-0.32,58486000000,9.08,-0.648561005,49.02
59.524B,-0.04,59524000000,9.87,-0.208441897,19.15
57.008B,0.09,57008000000,41.48,0.029130927,309.04
56.642B,-0.01,56642000000,9.13,-0.118906064,8.4
61.785B,-0.08,61785000000,5.86,-0.091418124,87.43
54.732B,-0.24,54732000000,,-0.493725571,48.37
53.016B,-0.04,53016000000,9.02,-0.733944954,5.41
50.392B,0.17,50392000000,9,0.686591276,24.93
63.197B,0.04,63197000000,0.47,0.164001640,24.43
80.086B,-0.03,80086000000,19.59,-0.130718954,22.92
64.869B,0,64869000000,3.19,0,25.08
79.251B,0.13,79251000000,95.09,0.097058384,134.07
63.166B,-0.04,63166000000,2.96,-0.171821306,23.24
63.647B,-0.01,63647000000,3.19,-0.039840637,25.09
78.042B,-0.01,78042000000,26.73,-0.155763240,6.41
74.004B,0.2,74004000000,0.39,1.006036217,20.08
73.315B,0.2,73315000000,0.4,0.977517107,20.66
72.464B,-2.06,72464000000,35.29,-3.209722655,62.12
72.085B,-0.09,72085000000,3.78,-0.511363636,17.51
71.974B,0.22,71974000000,2.6,1.088031652,20.44
69.93B,0.07,69930000000,4.81,0.315031503,22.29
68.476B,0.04,68476000000,26.74,0.011932462,335.26
67.057B,1.1,67057000000,23.66,0.599553060,184.57
60.667B,0.15,60667000000,41.84,0.138619351,108.36
58.486B,-0.32,58486000000,9.08,-0.648561005,49.02
59.524B,-0.04,59524000000,9.87,-0.208441897,19.15
57.008B,0.09,57008000000,41.48,0.029130927,309.04
56.642B,-0.01,56642000000,9.13,-0.118906064,8.4
61.785B,-0.08,61785000000,5.86,-0.091418124,87.43
54.732B,-0.26,54732000000,,-0.534869368,48.35
53.016B,-0.04,53016000000,9.02,-0.733944954,5.41
50.392B,0.17,50392000000,9,0.686591276,24.93
49.597B,-0.87,49597000000,25.49,-2.788461538,30.33
44.115B,0.02,44115000000,2.15,0.081400081,24.59
44.115B,0.02,44115000000,2.15,0.081400081,24.59
44.115B,0.02,44115000000,2.15,0.081400081,24.59
44.115B,0.02,44115000000,2.15,0.081400081,24.59
44.115B,0.02,44115000000,2.15,0.081400081,24.59
68.496B,0.14,68496000000,26.74,0.041763618,335.36
68.496B,0.14,68496000000,26.74,0.041763618,335.36
68.496B,0.14,68496000000,26.74,0.041763618,335.36
68.496B,0.14,68496000000,26.74,0.041763618,335.36
68.496B,0.14,68496000000,26.74,0.041763618,335.36
68.496B,0.14,68496000000,26.74,0.041763618,335.36
68.496B,0.14,68496000000,26.74,0.041763618,335.36
68.498B,0.14,68498000000,26.74,0.041763618,335.36
68.476B,0.15,68476000000,26.74,0.044746733,335.37
68.498B,0.15,68498000000,26.74,0.044746733,335.37
46.489B,0.18,46489000000,40.11,0.083022001,216.99
46.489B,0.18,46489000000,40.11,0.083022001,216.99
46.489B,0.18,46489000000,40.11,0.083022001,216.99
46.502B,0.18,46502000000,40.12,0.083022001,216.99
46.502B,0.24,46502000000,40.12,0.110696001,217.05
46.528B,0.24,46528000000,40.14,0.110696001,217.05
46.528B,0.36,46528000000,40.14,0.166044002,217.17
46.528B,0.36,46528000000,40.14,0.166044002,217.17
46.528B,0.36,46528000000,40.14,0.166044002,217.17
42.985B,0.04,42985000000,5.97,0.561797753,7.16
42.98B,0.04,42980000000,5.97,0.561797753,7.16
43.009B,0.04,43009000000,5.97,0.561797753,7.16
43.009B,0.05,43009000000,5.97,0.703234880,7.16
45.383B,0.08,45383000000,16.47,1.328903654,6.1
45.42B,0.08,45420000000,16.49,1.328903654,6.1
45.42B,0.08,45420000000,16.49,1.328903654,6.1
45.42B,0.08,45420000000,16.49,1.328903654,6.1
45.42B,0.08,45420000000,16.49,1.328903654,6.1
45.42B,0.08,45420000000,16.49,1.328903654,6.1
45.42B,0.08,45420000000,16.49,1.328903654,6.1
45.42B,0.08,45420000000,16.49,1.328903654,6.1
61.771B,-0.1,61771000000,5.86,-0.114272655,87.41
61.771B,-0.1,61771000000,5.86,-0.114272655,87.41
61.771B,-0.1,61771000000,5.86,-0.114272655,87.41
61.771B,-0.1,61771000000,5.86,-0.114272655,87.41
61.771B,-0.1,61771000000,5.86,-0.114272655,87.41
61.771B,-0.1,61771000000,5.86,-0.114272655,87.41
61.785B,-0.1,61785000000,5.86,-0.114272655,87.41
61.771B,-0.09,61771000000,5.86,-0.102845389,87.42
61.785B,-0.08,61785000000,5.86,-0.091418124,87.43
61.785B,-0.08,61785000000,5.86,-0.091418124,87.43
49.475B,-0.95,49475000000,25.43,-3.044871795,30.25
49.491B,-0.93,49491000000,25.44,-2.980769231,30.27
49.499B,-0.93,49499000000,25.44,-2.980769231,30.27
49.524B,-0.93,49524000000,25.45,-2.980769231,30.27
49.532B,-0.91,49532000000,25.46,-2.915732137,30.3
49.54B,-0.9,49540000000,25.46,-2.884615385,30.3
49.54B,-0.9,49540000000,25.46,-2.884615385,30.3
49.565B,-0.9,49565000000,25.47,-2.884615385,30.3
49.573B,-0.89,49573000000,25.48,-2.851650112,30.32
49.581B,-0.88,49581000000,25.48,-2.820512821,30.32
66.986B,0.9,66986000000,23.64,0.490516678,184.38
66.986B,0.9,66986000000,23.64,0.490516678,184.38
66.999B,0.93,66999000000,23.64,0.506867233,184.41
67.006B,0.96,67006000000,23.65,0.523246307,184.43
67.008B,0.96,67008000000,23.65,0.523217789,184.44
67.015B,0.98,67015000000,23.65,0.534118160,184.46
67.015B,0.98,67015000000,23.65,0.534118160,184.46
67.037B,1.04,67037000000,23.66,0.566819272,184.52
67.057B,1.1,67057000000,23.66,0.599553060,184.57
67.057B,1.1,67057000000,23.66,0.599553060,184.57
80.086B,-0.03,80086000000,19.59,-0.130718954,22.92
45.797B,0.01,45797000000,11.01,0.079051383,12.66
45.797B,0.01,45797000000,11.01,0.079051383,12.66
45.797B,0.01,45797000000,11.01,0.079051383,12.66
45.797B,0.01,45797000000,11.01,0.078988942,12.67
45.797B,0.01,45797000000,11.01,0.078988942,12.67
45.797B,0.01,45797000000,11.01,0.078988942,12.67
45.797B,0.01,45797000000,11.01,0.078988942,12.67
45.797B,0.01,45797000000,11.01,0.078988942,12.67
45.815B,0.01,45815000000,11.02,0.079051383,12.66
45.815B,0.01,45815000000,11.02,0.078988942,12.67
60.606B,0.04,60606000000,41.8,0.036965160,108.25
60.606B,0.04,60606000000,41.8,0.036965160,108.25
60.628B,0.04,60628000000,41.81,0.036965160,108.25
60.622B,0.07,60622000000,41.81,0.064689031,108.28
60.634B,0.09,60634000000,41.81,0.083171611,108.3
60.634B,0.09,60634000000,41.81,0.083171611,108.3
60.622B,0.1,60622000000,41.81,0.092412901,108.31
60.645B,0.11,60645000000,41.82,0.101654191,108.32
60.667B,0.15,60667000000,41.84,0.138619351,108.36
60.667B,0.15,60667000000,41.84,0.138619351,108.36
53.016B,-0.04,53016000000,9.02,-0.733944954,5.41
53.065B,-0.03,53065000000,9.02,-0.551470588,5.41
53.065B,-0.03,53065000000,9.02,-0.551470588,5.41
53.065B,-0.03,53065000000,9.02,-0.551470588,5.41
53.016B,-0.03,53016000000,9.02,-0.550458716,5.42
53.106B,-0.03,53106000000,9.03,-0.550458716,5.42
53.106B,-0.03,53106000000,9.03,-0.550458716,5.42
53.106B,-0.03,53106000000,9.03,-0.550458716,5.42
53.106B,-0.03,53106000000,9.03,-0.550458716,5.42
53.106B,-0.03,53106000000,9.03,-0.550458716,5.42
54.676B,-0.29,54676000000,,-0.596585065,48.32
54.676B,-0.29,54676000000,,-0.596585065,48.32
54.709B,-0.29,54709000000,,-0.596585065,48.32
54.676B,-0.28,54676000000,,-0.576013166,48.33
54.692B,-0.28,54692000000,,-0.576013166,48.33
54.721B,-0.25,54721000000,,-0.514297470,48.36
54.721B,-0.25,54721000000,,-0.514297470,48.36
54.721B,-0.24,54721000000,,-0.493725571,48.37
54.738B,-0.24,54738000000,,-0.493725571,48.37
54.709B,-0.24,54709000000,,-0.493624023,48.38
42.691B,0.22,42691000000,2.82,1.011029412,21.98
42.691B,0.22,42691000000,2.82,1.011029412,21.98
42.691B,0.22,42691000000,2.82,1.011029412,21.98
42.184B,0.04,42184000000,3.05,0.168421053,23.79
42.184B,0.04,42184000000,3.05,0.168421053,23.79
77.987B,-0.02,77987000000,26.71,-0.311041991,6.41
78.042B,-0.01,78042000000,26.73,-0.155763240,6.41
78.042B,-0.01,78042000000,26.73,-0.155763240,6.41
78.103B,-0.01,78103000000,26.75,-0.155520995,6.42
78.103B,-0.01,78103000000,26.75,-0.155520995,6.42
56.995B,0.02,56995000000,41.47,0.006473539,308.97
57.001B,0.02,57001000000,41.48,0.006473539,308.97
57.001B,0.05,57001000000,41.48,0.016183849,309
57.001B,0.05,57001000000,41.48,0.016183849,309
57.001B,0.05,57001000000,41.48,0.016183849,309
57.001B,0.05,57001000000,41.48,0.016183849,309
57.001B,0.05,57001000000,41.48,0.016183849,309
57.008B,0.05,57008000000,41.48,0.016183849,309
56.995B,0.16,56995000000,41.47,0.051788315,309.11
57.021B,0.16,57021000000,41.49,0.051788315,309.11
71.94B,0.21,71940000000,2.6,1.038575668,20.43
71.94B,0.21,71940000000,2.6,1.038575668,20.43
71.94B,0.21,71940000000,2.6,1.038575668,20.43
71.94B,0.21,71940000000,2.6,1.038575668,20.43
71.94B,0.21,71940000000,2.6,1.038575668,20.43
71.94B,0.21,71940000000,2.6,1.038575668,20.43
71.94B,0.21,71940000000,2.6,1.038575668,20.43
71.94B,0.21,71940000000,2.6,1.038575668,20.43
71.94B,0.21,71940000000,2.6,1.038575668,20.43
71.94B,0.21,71940000000,2.6,1.038575668,20.43
63.647B,-0.01,63647000000,3.19,-0.039840637,25.09
63.647B,-0.01,63647000000,3.19,-0.039840637,25.09
63.647B,-0.01,63647000000,3.19,-0.039840637,25.09
63.647B,-0.01,63647000000,3.19,-0.039840637,25.09
63.647B,-0.01,63647000000,3.19,-0.039840637,25.09
63.647B,-0.01,63647000000,3.19,-0.039840637,25.09
64.869B,0,64869000000,3.19,0,25.08
64.869B,0,64869000000,3.19,0,25.08
63.166B,-0.04,63166000000,2.96,-0.171821306,23.24
63.166B,-0.04,63166000000,2.96,-0.171821306,23.24
63.166B,-0.04,63166000000,2.96,-0.171821306,23.24
63.166B,-0.04,63166000000,2.96,-0.171821306,23.24
72.283B,-2.22,72283000000,35.2,-3.459021502,61.96
72.289B,-2.22,72289000000,35.2,-3.459021502,61.96
72.295B,-2.22,72295000000,35.21,-3.458482630,61.97
72.3B,-2.21,72300000000,35.21,-3.443440324,61.97
72.3B,-2.21,72300000000,35.21,-3.443440324,61.97
72.4B,-2.16,72400000000,35.26,-3.365534434,62.02
72.44B,-2.1,72440000000,35.28,-3.272047367,62.08
72.452B,-2.08,72452000000,35.28,-3.240885011,62.1
72.47B,-2.06,72470000000,35.29,-3.209722655,62.12
56.59B,-0.02,56590000000,9.12,-0.237812128,8.39
56.617B,-0.02,56617000000,9.13,-0.237812128,8.39
56.59B,-0.01,56590000000,9.12,-0.118906064,8.4
56.617B,-0.01,56617000000,9.13,-0.118906064,8.4
56.617B,-0.01,56617000000,9.13,-0.118906064,8.4
56.617B,-0.01,56617000000,9.13,-0.118906064,8.4
56.617B,-0.01,56617000000,9.13,-0.118906064,8.4
56.617B,-0.01,56617000000,9.13,-0.118906064,8.4
56.642B,-0.01,56642000000,9.13,-0.118906064,8.4
56.642B,-0.01,56642000000,9.13,-0.118906064,8.4
58.438B,-0.36,58438000000,9.07,-0.729631131,48.98
58.438B,-0.36,58438000000,9.07,-0.729631131,48.98
58.438B,-0.36,58438000000,9.07,-0.729631131,48.98
58.438B,-0.36,58438000000,9.07,-0.729631131,48.98
58.438B,-0.36,58438000000,9.07,-0.729631131,48.98
58.438B,-0.36,58438000000,9.07,-0.729631131,48.98
58.438B,-0.36,58438000000,9.07,-0.729631131,48.98
58.486B,-0.35,58486000000,9.08,-0.709363600,48.99
58.486B,-0.32,58486000000,9.08,-0.648561005,49.02
58.486B,-0.32,58486000000,9.08,-0.648561005,49.02
50.392B,0.17,50392000000,9,0.686591276,24.93
50.392B,0.17,50392000000,9,0.686591276,24.93
50.392B,0.17,50392000000,9,0.686591276,24.93
50.392B,0.17,50392000000,9,0.686591276,24.93
50.392B,0.17,50392000000,9,0.686591276,24.93
50.392B,0.17,50392000000,9,0.686591276,24.93
50.392B,0.17,50392000000,9,0.686591276,24.93
50.392B,0.17,50392000000,9,0.686591276,24.93
50.392B,0.17,50392000000,9,0.686591276,24.93
50.392B,0.17,50392000000,9,0.686591276,24.93
74.004B,0.2,74004000000,0.39,1.006036217,20.08
74.004B,0.2,74004000000,0.39,1.006036217,20.08
74.004B,0.2,74004000000,0.39,1.006036217,20.08
74.004B,0.2,74004000000,0.39,1.006036217,20.08
74.004B,0.2,74004000000,0.39,1.006036217,20.08
74.004B,0.2,74004000000,0.39,1.006036217,20.08
74.004B,0.2,74004000000,0.39,1.006036217,20.08
73.102B,0.14,73102000000,0.4,0.684261975,20.6
73.137B,0.15,73137000000,0.4,0.733137830,20.61
73.137B,0.15,73137000000,0.4,0.733137830,20.61
73.137B,0.15,73137000000,0.4,0.733137830,20.61
73.137B,0.15,73137000000,0.4,0.733137830,20.61
73.137B,0.15,73137000000,0.4,0.733137830,20.61
73.137B,0.15,73137000000,0.4,0.733137830,20.61
73.137B,0.15,73137000000,0.4,0.733137830,20.61
45.509B,-1.61,45509000000,7.69,-1.428571429,111.09
45.517B,-1.61,45517000000,7.69,-1.428571429,111.09
45.517B,-1.6,45517000000,7.69,-1.419698314,111.1
45.538B,-1.56,45538000000,7.7,-1.384205856,111.14
45.542B,-1.56,45542000000,7.7,-1.384205856,111.14
45.538B,-1.52,45538000000,7.7,-1.348713398,111.18
79.233B,0.1,79233000000,95.06,0.074660296,134.04
79.233B,0.1,79233000000,95.06,0.074660296,134.04
79.251B,0.13,79251000000,95.09,0.097058384,134.07
42.24B,-0.97,42240000000,15.5,-0.530605547,181.84
45.41B,0.16,45410000000,7.93,0.553250346,29.08
45.394B,0.19,45394000000,7.92,0.656984786,29.11
45.449B,0.2,45449000000,7.93,0.691562932,29.12
45.472B,0.21,45472000000,7.94,0.726141079,29.13
45.472B,0.21,45472000000,7.94,0.726141079,29.13
45.48B,0.21,45480000000,7.94,0.726141079,29.13
45.496B,0.24,45496000000,7.94,0.829875519,29.16
72.085B,-0.09,72085000000,3.78,-0.511363636,17.51
72.085B,-0.09,72085000000,3.78,-0.511363636,17.51
72.085B,-0.09,72085000000,3.78,-0.511363636,17.51
72.085B,-0.09,72085000000,3.78,-0.511363636,17.51
72.085B,-0.09,72085000000,3.78,-0.511363636,17.51
72.085B,-0.09,72085000000,3.78,-0.511363636,17.51
72.085B,-0.09,72085000000,3.78,-0.511363636,17.51
72.085B,-0.09,72085000000,3.78,-0.511363636,17.51
72.085B,-0.09,72085000000,3.78,-0.511363636,17.51
72.085B,-0.09,72085000000,3.78,-0.511363636,17.51
69.93B,0.07,69930000000,4.81,0.315031503,22.29
69.93B,0.07,69930000000,4.81,0.315031503,22.29
69.93B,0.07,69930000000,4.81,0.315031503,22.29
69.93B,0.07,69930000000,4.81,0.315031503,22.29
69.93B,0.07,69930000000,4.81,0.315031503,22.29
69.93B,0.07,69930000000,4.81,0.315031503,22.29
69.93B,0.07,69930000000,4.81,0.315031503,22.29
69.93B,0.07,69930000000,4.81,0.315031503,22.29
69.93B,0.07,69930000000,4.81,0.315031503,22.29
69.93B,0.07,69930000000,4.81,0.315031503,22.29
59.515B,-0.04,59515000000,9.87,-0.208441897,19.15
59.515B,-0.04,59515000000,9.87,-0.208441897,19.15
59.524B,-0.04,59524000000,9.87,-0.208441897,19.15
59.524B,-0.04,59524000000,9.87,-0.208441897,19.15
59.524B,-0.03,59524000000,9.87,-0.156331423,19.16
59.529B,-0.03,59529000000,9.87,-0.156331423,19.16
59.529B,-0.03,59529000000,9.87,-0.156331423,19.16
59.529B,-0.03,59529000000,9.87,-0.156331423,19.16
59.529B,-0.03,59529000000,9.87,-0.156331423,19.16
59.529B,-0.03,59529000000,9.87,-0.156331423,19.16
